# relpath	size
d0006/work_000000000000_1073741824.bin	1073741824
d0002/work_000000000001_1073741824.bin	1073741824
d0005/work_000000000002_1073741824.bin	1073741824
d0005/work_000000000003_1073741824.bin	1073741824
d0001/work_000000000004_1073741824.bin	1073741824
d0004/work_000000000005_1073741824.bin	1073741824
d0006/work_000000000006_1073741824.bin	1073741824
d0000/work_000000000007_1073741824.bin	1073741824
d0004/work_000000000008_1073741824.bin	1073741824
d0003/work_000000000009_1073741824.bin	1073741824
d0002/work_000000000010_1073741824.bin	1073741824
d0003/work_000000000011_1073741824.bin	1073741824
d0007/work_000000000012_1073741824.bin	1073741824
d0000/work_000000000013_1073741824.bin	1073741824
d0007/work_000000000014_1073741824.bin	1073741824
d0005/work_000000000015_1073741824.bin	1073741824
d0003/work_000000000016_1073741824.bin	1073741824
d0003/work_000000000017_1073741824.bin	1073741824
d0003/work_000000000018_1073741824.bin	1073741824
d0002/work_000000000019_1073741824.bin	1073741824
d0003/work_000000000020_1073741824.bin	1073741824
d0005/work_000000000021_1073741824.bin	1073741824
d0006/work_000000000022_1073741824.bin	1073741824
d0006/work_000000000023_1073741824.bin	1073741824
d0002/work_000000000024_1073741824.bin	1073741824
d0002/work_000000000025_1073741824.bin	1073741824
d0005/work_000000000026_1073741824.bin	1073741824
d0002/work_000000000027_1073741824.bin	1073741824
d0000/work_000000000028_1073741824.bin	1073741824
d0003/work_000000000029_1073741824.bin	1073741824
d0005/work_000000000030_1073741824.bin	1073741824
d0005/work_000000000031_1073741824.bin	1073741824
d0003/work_000000000032_1073741824.bin	1073741824
d0001/work_000000000033_1073741824.bin	1073741824
d0004/work_000000000034_1073741824.bin	1073741824
d0004/work_000000000035_1073741824.bin	1073741824
d0002/work_000000000036_1073741824.bin	1073741824
d0006/work_000000000037_1073741824.bin	1073741824
d0001/work_000000000038_1073741824.bin	1073741824
d0005/work_000000000039_1073741824.bin	1073741824
d0002/work_000000000040_1073741824.bin	1073741824
d0000/work_000000000041_1073741824.bin	1073741824
d0000/work_000000000042_1073741824.bin	1073741824
d0001/work_000000000043_1073741824.bin	1073741824
d0006/work_000000000044_1073741824.bin	1073741824
d0005/work_000000000045_1073741824.bin	1073741824
d0006/work_000000000046_1073741824.bin	1073741824
d0006/work_000000000047_1073741824.bin	1073741824
d0001/work_000000000048_1073741824.bin	1073741824
d0005/work_000000000049_1073741824.bin	1073741824
d0000/work_000000000050_1073741824.bin	1073741824
d0003/work_000000000051_1073741824.bin	1073741824
d0004/work_000000000052_1073741824.bin	1073741824
d0002/work_000000000053_1073741824.bin	1073741824
d0001/work_000000000054_1073741824.bin	1073741824
d0005/work_000000000055_1073741824.bin	1073741824
d0002/work_000000000056_1073741824.bin	1073741824
d0000/work_000000000057_1073741824.bin	1073741824
d0002/work_000000000058_1073741824.bin	1073741824
d0002/work_000000000059_1073741824.bin	1073741824
d0004/work_000000000060_1073741824.bin	1073741824
d0006/work_000000000061_1073741824.bin	1073741824
d0007/work_000000000062_1073741824.bin	1073741824
d0006/work_000000000063_1073741824.bin	1073741824
d0007/work_000000000064_1073741824.bin	1073741824
d0001/work_000000000065_1073741824.bin	1073741824
d0004/work_000000000066_1073741824.bin	1073741824
d0000/work_000000000067_1073741824.bin	1073741824
d0000/work_000000000068_1073741824.bin	1073741824
d0004/work_000000000069_1073741824.bin	1073741824
d0000/work_000000000070_1073741824.bin	1073741824
d0002/work_000000000071_1073741824.bin	1073741824
d0001/work_000000000072_1073741824.bin	1073741824
d0006/work_000000000073_1073741824.bin	1073741824
d0007/work_000000000074_1073741824.bin	1073741824
d0000/work_000000000075_1073741824.bin	1073741824
d0002/work_000000000076_1073741824.bin	1073741824
d0006/work_000000000077_1073741824.bin	1073741824
d0004/work_000000000078_1073741824.bin	1073741824
d0005/work_000000000079_1073741824.bin	1073741824
d0007/work_000000000080_1073741824.bin	1073741824
d0005/work_000000000081_1073741824.bin	1073741824
d0000/work_000000000082_1073741824.bin	1073741824
d0003/work_000000000083_1073741824.bin	1073741824
d0003/work_000000000084_1073741824.bin	1073741824
d0007/work_000000000085_1073741824.bin	1073741824
d0002/work_000000000086_1073741824.bin	1073741824
d0005/work_000000000087_1073741824.bin	1073741824
d0006/work_000000000088_1073741824.bin	1073741824
d0007/work_000000000089_1073741824.bin	1073741824
d0000/work_000000000090_1073741824.bin	1073741824
d0006/work_000000000091_1073741824.bin	1073741824
d0003/work_000000000092_1073741824.bin	1073741824
d0006/work_000000000093_1073741824.bin	1073741824
d0000/work_000000000094_1073741824.bin	1073741824
d0003/work_000000000095_1073741824.bin	1073741824
d0005/work_000000000096_1073741824.bin	1073741824
d0003/work_000000000097_1073741824.bin	1073741824
d0004/work_000000000098_1073741824.bin	1073741824
d0007/work_000000000099_1073741824.bin	1073741824
d0001/work_000000000100_1073741824.bin	1073741824
d0007/work_000000000101_1073741824.bin	1073741824
d0000/work_000000000102_1073741824.bin	1073741824
d0005/work_000000000103_1073741824.bin	1073741824
d0004/work_000000000104_1073741824.bin	1073741824
d0007/work_000000000105_1073741824.bin	1073741824
d0000/work_000000000106_1073741824.bin	1073741824
d0004/work_000000000107_1073741824.bin	1073741824
d0000/work_000000000108_1073741824.bin	1073741824
d0002/work_000000000109_1073741824.bin	1073741824
d0002/work_000000000110_1073741824.bin	1073741824
d0005/work_000000000111_1073741824.bin	1073741824
d0002/work_000000000112_1073741824.bin	1073741824
d0002/work_000000000113_1073741824.bin	1073741824
d0003/work_000000000114_1073741824.bin	1073741824
d0007/work_000000000115_1073741824.bin	1073741824
d0000/work_000000000116_1073741824.bin	1073741824
d0007/work_000000000117_1073741824.bin	1073741824
d0007/work_000000000118_1073741824.bin	1073741824
d0006/work_000000000119_1073741824.bin	1073741824
d0007/work_000000000120_1073741824.bin	1073741824
d0002/work_000000000121_1073741824.bin	1073741824
d0000/work_000000000122_1073741824.bin	1073741824
d0001/work_000000000123_1073741824.bin	1073741824
d0004/work_000000000124_1073741824.bin	1073741824
d0002/work_000000000125_1073741824.bin	1073741824
d0001/work_000000000126_1073741824.bin	1073741824
d0002/work_000000000127_1073741824.bin	1073741824
d0007/work_000000000128_1073741824.bin	1073741824
d0005/work_000000000129_1073741824.bin	1073741824
d0002/work_000000000130_1073741824.bin	1073741824
d0003/work_000000000131_1073741824.bin	1073741824
d0003/work_000000000132_1073741824.bin	1073741824
d0007/work_000000000133_1073741824.bin	1073741824
d0004/work_000000000134_1073741824.bin	1073741824
d0005/work_000000000135_1073741824.bin	1073741824
d0002/work_000000000136_1073741824.bin	1073741824
d0007/work_000000000137_1073741824.bin	1073741824
d0007/work_000000000138_1073741824.bin	1073741824
d0004/work_000000000139_1073741824.bin	1073741824
d0007/work_000000000140_1073741824.bin	1073741824
d0004/work_000000000141_1073741824.bin	1073741824
d0002/work_000000000142_1073741824.bin	1073741824
d0005/work_000000000143_1073741824.bin	1073741824
d0004/work_000000000144_1073741824.bin	1073741824
d0006/work_000000000145_1073741824.bin	1073741824
d0002/work_000000000146_1073741824.bin	1073741824
d0003/work_000000000147_1073741824.bin	1073741824
d0002/work_000000000148_1073741824.bin	1073741824
d0000/work_000000000149_1073741824.bin	1073741824
d0004/work_000000000150_1073741824.bin	1073741824
d0006/work_000000000151_1073741824.bin	1073741824
d0004/work_000000000152_1073741824.bin	1073741824
d0002/work_000000000153_1073741824.bin	1073741824
d0005/work_000000000154_1073741824.bin	1073741824
d0002/work_000000000155_1073741824.bin	1073741824
d0004/work_000000000156_1073741824.bin	1073741824
d0001/work_000000000157_1073741824.bin	1073741824
d0006/work_000000000158_1073741824.bin	1073741824
d0004/work_000000000159_1073741824.bin	1073741824
d0000/work_000000000160_1073741824.bin	1073741824
d0003/work_000000000161_1073741824.bin	1073741824
d0001/work_000000000162_1073741824.bin	1073741824
d0003/work_000000000163_1073741824.bin	1073741824
d0000/work_000000000164_1073741824.bin	1073741824
d0000/work_000000000165_1073741824.bin	1073741824
d0006/work_000000000166_1073741824.bin	1073741824
d0000/work_000000000167_1073741824.bin	1073741824
d0000/work_000000000168_1073741824.bin	1073741824
d0007/work_000000000169_1073741824.bin	1073741824
d0003/work_000000000170_1073741824.bin	1073741824
d0001/work_000000000171_1073741824.bin	1073741824
d0003/work_000000000172_1073741824.bin	1073741824
d0004/work_000000000173_1073741824.bin	1073741824
d0002/work_000000000174_1073741824.bin	1073741824
d0006/work_000000000175_1073741824.bin	1073741824
d0002/work_000000000176_1073741824.bin	1073741824
d0003/work_000000000177_1073741824.bin	1073741824
d0007/work_000000000178_1073741824.bin	1073741824
d0001/work_000000000179_1073741824.bin	1073741824
d0000/work_000000000180_1073741824.bin	1073741824
d0001/work_000000000181_1073741824.bin	1073741824
d0005/work_000000000182_1073741824.bin	1073741824
d0006/work_000000000183_1073741824.bin	1073741824
d0001/work_000000000184_1073741824.bin	1073741824
d0006/work_000000000185_1073741824.bin	1073741824
d0007/work_000000000186_1073741824.bin	1073741824
d0001/work_000000000187_1073741824.bin	1073741824
d0007/work_000000000188_1073741824.bin	1073741824
d0001/work_000000000189_1073741824.bin	1073741824
d0002/work_000000000190_1073741824.bin	1073741824
d0000/work_000000000191_1073741824.bin	1073741824
d0003/work_000000000192_1073741824.bin	1073741824
d0004/work_000000000193_1073741824.bin	1073741824
d0005/work_000000000194_1073741824.bin	1073741824
d0004/work_000000000195_1073741824.bin	1073741824
d0000/work_000000000196_1073741824.bin	1073741824
d0006/work_000000000197_1073741824.bin	1073741824
d0002/work_000000000198_1073741824.bin	1073741824
d0004/work_000000000199_1073741824.bin	1073741824
d0004/work_000000000200_1073741824.bin	1073741824
d0003/work_000000000201_1073741824.bin	1073741824
d0006/work_000000000202_1073741824.bin	1073741824
d0006/work_000000000203_1073741824.bin	1073741824
d0006/work_000000000204_1073741824.bin	1073741824
d0004/work_000000000205_1073741824.bin	1073741824
d0003/work_000000000206_1073741824.bin	1073741824
d0006/work_000000000207_1073741824.bin	1073741824
d0003/work_000000000208_1073741824.bin	1073741824
d0001/work_000000000209_1073741824.bin	1073741824
d0003/work_000000000210_1073741824.bin	1073741824
d0007/work_000000000211_1073741824.bin	1073741824
d0001/work_000000000212_1073741824.bin	1073741824
d0004/work_000000000213_1073741824.bin	1073741824
d0001/work_000000000214_1073741824.bin	1073741824
d0003/work_000000000215_1073741824.bin	1073741824
d0001/work_000000000216_1073741824.bin	1073741824
d0003/work_000000000217_1073741824.bin	1073741824
d0006/work_000000000218_1073741824.bin	1073741824
d0004/work_000000000219_1073741824.bin	1073741824
d0003/work_000000000220_1073741824.bin	1073741824
d0004/work_000000000221_1073741824.bin	1073741824
d0001/work_000000000222_1073741824.bin	1073741824
d0000/work_000000000223_1073741824.bin	1073741824
d0001/work_000000000224_1073741824.bin	1073741824
d0002/work_000000000225_1073741824.bin	1073741824
d0005/work_000000000226_1073741824.bin	1073741824
d0004/work_000000000227_1073741824.bin	1073741824
d0006/work_000000000228_1073741824.bin	1073741824
d0007/work_000000000229_1073741824.bin	1073741824
d0004/work_000000000230_1073741824.bin	1073741824
d0005/work_000000000231_1073741824.bin	1073741824
d0006/work_000000000232_1073741824.bin	1073741824
d0004/work_000000000233_1073741824.bin	1073741824
d0006/work_000000000234_1073741824.bin	1073741824
d0006/work_000000000235_1073741824.bin	1073741824
d0006/work_000000000236_1073741824.bin	1073741824
d0007/work_000000000237_1073741824.bin	1073741824
d0006/work_000000000238_1073741824.bin	1073741824
d0003/work_000000000239_1073741824.bin	1073741824
d0005/work_000000000240_1073741824.bin	1073741824
d0001/work_000000000241_1073741824.bin	1073741824
d0004/work_000000000242_1073741824.bin	1073741824
d0001/work_000000000243_1073741824.bin	1073741824
d0004/work_000000000244_1073741824.bin	1073741824
d0001/work_000000000245_1073741824.bin	1073741824
d0002/work_000000000246_1073741824.bin	1073741824
d0006/work_000000000247_1073741824.bin	1073741824
d0007/work_000000000248_1073741824.bin	1073741824
d0005/work_000000000249_1073741824.bin	1073741824
d0005/work_000000000250_1073741824.bin	1073741824
d0003/work_000000000251_1073741824.bin	1073741824
d0000/work_000000000252_1073741824.bin	1073741824
d0004/work_000000000253_1073741824.bin	1073741824
d0001/work_000000000254_1073741824.bin	1073741824
d0001/work_000000000255_1073741824.bin	1073741824
d0005/work_000000000256_1073741824.bin	1073741824
d0003/work_000000000257_1073741824.bin	1073741824
d0002/work_000000000258_1073741824.bin	1073741824
d0000/work_000000000259_1073741824.bin	1073741824
d0003/work_000000000260_1073741824.bin	1073741824
d0001/work_000000000261_1073741824.bin	1073741824
d0001/work_000000000262_1073741824.bin	1073741824
d0003/work_000000000263_1073741824.bin	1073741824
d0004/work_000000000264_1073741824.bin	1073741824
d0007/work_000000000265_1073741824.bin	1073741824
d0002/work_000000000266_1073741824.bin	1073741824
d0001/work_000000000267_1073741824.bin	1073741824
d0002/work_000000000268_1073741824.bin	1073741824
d0002/work_000000000269_1073741824.bin	1073741824
d0005/work_000000000270_1073741824.bin	1073741824
d0002/work_000000000271_1073741824.bin	1073741824
d0003/work_000000000272_1073741824.bin	1073741824
d0002/work_000000000273_1073741824.bin	1073741824
d0001/work_000000000274_1073741824.bin	1073741824
d0003/work_000000000275_1073741824.bin	1073741824
d0007/work_000000000276_1073741824.bin	1073741824
d0005/work_000000000277_1073741824.bin	1073741824
d0007/work_000000000278_1073741824.bin	1073741824
d0002/work_000000000279_1073741824.bin	1073741824
d0000/work_000000000280_1073741824.bin	1073741824
d0002/work_000000000281_1073741824.bin	1073741824
d0000/work_000000000282_1073741824.bin	1073741824
d0002/work_000000000283_1073741824.bin	1073741824
d0002/work_000000000284_1073741824.bin	1073741824
d0006/work_000000000285_1073741824.bin	1073741824
d0002/work_000000000286_1073741824.bin	1073741824
d0003/work_000000000287_1073741824.bin	1073741824
d0001/work_000000000288_1073741824.bin	1073741824
d0001/work_000000000289_1073741824.bin	1073741824
d0003/work_000000000290_1073741824.bin	1073741824
d0005/work_000000000291_1073741824.bin	1073741824
d0001/work_000000000292_1073741824.bin	1073741824
d0001/work_000000000293_1073741824.bin	1073741824
d0000/work_000000000294_1073741824.bin	1073741824
d0001/work_000000000295_1073741824.bin	1073741824
d0000/work_000000000296_1073741824.bin	1073741824
d0007/work_000000000297_1073741824.bin	1073741824
d0001/work_000000000298_1073741824.bin	1073741824
d0000/work_000000000299_1073741824.bin	1073741824
d0002/work_000000000300_1073741824.bin	1073741824
d0006/work_000000000301_1073741824.bin	1073741824
d0000/work_000000000302_1073741824.bin	1073741824
d0005/work_000000000303_1073741824.bin	1073741824
d0001/work_000000000304_1073741824.bin	1073741824
d0002/work_000000000305_1073741824.bin	1073741824
d0000/work_000000000306_1073741824.bin	1073741824
d0006/work_000000000307_1073741824.bin	1073741824
d0004/work_000000000308_1073741824.bin	1073741824
d0004/work_000000000309_1073741824.bin	1073741824
d0004/work_000000000310_1073741824.bin	1073741824
d0002/work_000000000311_1073741824.bin	1073741824
d0000/work_000000000312_1073741824.bin	1073741824
d0007/work_000000000313_1073741824.bin	1073741824
d0007/work_000000000314_1073741824.bin	1073741824
d0001/work_000000000315_1073741824.bin	1073741824
d0007/work_000000000316_1073741824.bin	1073741824
d0004/work_000000000317_1073741824.bin	1073741824
d0004/work_000000000318_1073741824.bin	1073741824
d0004/work_000000000319_1073741824.bin	1073741824
d0002/work_000000000320_1073741824.bin	1073741824
d0007/work_000000000321_1073741824.bin	1073741824
d0006/work_000000000322_1073741824.bin	1073741824
d0001/work_000000000323_1073741824.bin	1073741824
d0004/work_000000000324_1073741824.bin	1073741824
d0004/work_000000000325_1073741824.bin	1073741824
d0002/work_000000000326_1073741824.bin	1073741824
d0000/work_000000000327_1073741824.bin	1073741824
d0001/work_000000000328_1073741824.bin	1073741824
d0007/work_000000000329_1073741824.bin	1073741824
d0003/work_000000000330_1073741824.bin	1073741824
d0006/work_000000000331_1073741824.bin	1073741824
d0006/work_000000000332_1073741824.bin	1073741824
d0000/work_000000000333_1073741824.bin	1073741824
d0001/work_000000000334_1073741824.bin	1073741824
d0006/work_000000000335_1073741824.bin	1073741824
d0002/work_000000000336_1073741824.bin	1073741824
d0000/work_000000000337_1073741824.bin	1073741824
d0002/work_000000000338_1073741824.bin	1073741824
d0005/work_000000000339_1073741824.bin	1073741824
d0003/work_000000000340_1073741824.bin	1073741824
d0005/work_000000000341_1073741824.bin	1073741824
d0001/work_000000000342_1073741824.bin	1073741824
d0007/work_000000000343_1073741824.bin	1073741824
d0006/work_000000000344_1073741824.bin	1073741824
d0006/work_000000000345_1073741824.bin	1073741824
d0004/work_000000000346_1073741824.bin	1073741824
d0006/work_000000000347_1073741824.bin	1073741824
d0001/work_000000000348_1073741824.bin	1073741824
d0000/work_000000000349_1073741824.bin	1073741824
d0004/work_000000000350_1073741824.bin	1073741824
d0007/work_000000000351_1073741824.bin	1073741824
d0005/work_000000000352_1073741824.bin	1073741824
d0004/work_000000000353_1073741824.bin	1073741824
d0004/work_000000000354_1073741824.bin	1073741824
d0004/work_000000000355_1073741824.bin	1073741824
d0006/work_000000000356_1073741824.bin	1073741824
d0000/work_000000000357_1073741824.bin	1073741824
d0005/work_000000000358_1073741824.bin	1073741824
d0007/work_000000000359_1073741824.bin	1073741824
d0000/work_000000000360_1073741824.bin	1073741824
d0002/work_000000000361_1073741824.bin	1073741824
d0003/work_000000000362_1073741824.bin	1073741824
d0002/work_000000000363_1073741824.bin	1073741824
d0006/work_000000000364_1073741824.bin	1073741824
d0006/work_000000000365_1073741824.bin	1073741824
d0003/work_000000000366_1073741824.bin	1073741824
d0002/work_000000000367_1073741824.bin	1073741824
d0007/work_000000000368_1073741824.bin	1073741824
d0006/work_000000000369_1073741824.bin	1073741824
d0001/work_000000000370_1073741824.bin	1073741824
d0004/work_000000000371_1073741824.bin	1073741824
d0004/work_000000000372_1073741824.bin	1073741824
d0000/work_000000000373_1073741824.bin	1073741824
d0005/work_000000000374_1073741824.bin	1073741824
d0005/work_000000000375_1073741824.bin	1073741824
d0007/work_000000000376_1073741824.bin	1073741824
d0006/work_000000000377_1073741824.bin	1073741824
d0001/work_000000000378_1073741824.bin	1073741824
d0004/work_000000000379_1073741824.bin	1073741824
d0001/work_000000000380_1073741824.bin	1073741824
d0001/work_000000000381_1073741824.bin	1073741824
d0001/work_000000000382_1073741824.bin	1073741824
d0003/work_000000000383_1073741824.bin	1073741824
d0006/work_000000000384_1073741824.bin	1073741824
d0002/work_000000000385_1073741824.bin	1073741824
d0002/work_000000000386_1073741824.bin	1073741824
d0006/work_000000000387_1073741824.bin	1073741824
d0007/work_000000000388_1073741824.bin	1073741824
d0003/work_000000000389_1073741824.bin	1073741824
d0000/work_000000000390_1073741824.bin	1073741824
d0002/work_000000000391_1073741824.bin	1073741824
d0007/work_000000000392_1073741824.bin	1073741824
d0005/work_000000000393_1073741824.bin	1073741824
d0000/work_000000000394_1073741824.bin	1073741824
d0003/work_000000000395_1073741824.bin	1073741824
d0001/work_000000000396_1073741824.bin	1073741824
d0005/work_000000000397_1073741824.bin	1073741824
d0007/work_000000000398_1073741824.bin	1073741824
d0004/work_000000000399_1073741824.bin	1073741824
d0005/work_000000000400_1073741824.bin	1073741824
d0000/work_000000000401_1073741824.bin	1073741824
d0004/work_000000000402_1073741824.bin	1073741824
d0007/work_000000000403_1073741824.bin	1073741824
d0003/work_000000000404_1073741824.bin	1073741824
d0000/work_000000000405_1073741824.bin	1073741824
d0005/work_000000000406_1073741824.bin	1073741824
d0006/work_000000000407_1073741824.bin	1073741824
d0007/work_000000000408_1073741824.bin	1073741824
d0006/work_000000000409_1073741824.bin	1073741824
d0001/work_000000000410_1073741824.bin	1073741824
d0002/work_000000000411_1073741824.bin	1073741824
d0002/work_000000000412_1073741824.bin	1073741824
d0002/work_000000000413_1073741824.bin	1073741824
d0000/work_000000000414_1073741824.bin	1073741824
d0001/work_000000000415_1073741824.bin	1073741824
d0001/work_000000000416_1073741824.bin	1073741824
d0003/work_000000000417_1073741824.bin	1073741824
d0007/work_000000000418_1073741824.bin	1073741824
d0004/work_000000000419_1073741824.bin	1073741824
d0003/work_000000000420_1073741824.bin	1073741824
d0007/work_000000000421_1073741824.bin	1073741824
d0005/work_000000000422_1073741824.bin	1073741824
d0000/work_000000000423_1073741824.bin	1073741824
d0001/work_000000000424_1073741824.bin	1073741824
d0007/work_000000000425_1073741824.bin	1073741824
d0002/work_000000000426_1073741824.bin	1073741824
d0004/work_000000000427_1073741824.bin	1073741824
d0001/work_000000000428_1073741824.bin	1073741824
d0003/work_000000000429_1073741824.bin	1073741824
d0001/work_000000000430_1073741824.bin	1073741824
d0004/work_000000000431_1073741824.bin	1073741824
d0003/work_000000000432_1073741824.bin	1073741824
d0006/work_000000000433_1073741824.bin	1073741824
d0000/work_000000000434_1073741824.bin	1073741824
d0006/work_000000000435_1073741824.bin	1073741824
d0002/work_000000000436_1073741824.bin	1073741824
d0007/work_000000000437_1073741824.bin	1073741824
d0003/work_000000000438_1073741824.bin	1073741824
d0003/work_000000000439_1073741824.bin	1073741824
d0006/work_000000000440_1073741824.bin	1073741824
d0003/work_000000000441_1073741824.bin	1073741824
d0003/work_000000000442_1073741824.bin	1073741824
d0007/work_000000000443_1073741824.bin	1073741824
d0007/work_000000000444_1073741824.bin	1073741824
d0006/work_000000000445_1073741824.bin	1073741824
d0007/work_000000000446_1073741824.bin	1073741824
d0005/work_000000000447_1073741824.bin	1073741824
d0002/work_000000000448_1073741824.bin	1073741824
d0005/work_000000000449_1073741824.bin	1073741824
d0000/work_000000000450_1073741824.bin	1073741824
d0002/work_000000000451_1073741824.bin	1073741824
d0004/work_000000000452_1073741824.bin	1073741824
d0001/work_000000000453_1073741824.bin	1073741824
d0002/work_000000000454_1073741824.bin	1073741824
d0007/work_000000000455_1073741824.bin	1073741824
d0003/work_000000000456_1073741824.bin	1073741824
d0001/work_000000000457_1073741824.bin	1073741824
d0002/work_000000000458_1073741824.bin	1073741824
d0000/work_000000000459_1073741824.bin	1073741824
d0005/work_000000000460_1073741824.bin	1073741824
d0004/work_000000000461_1073741824.bin	1073741824
d0005/work_000000000462_1073741824.bin	1073741824
d0005/work_000000000463_1073741824.bin	1073741824
d0003/work_000000000464_1073741824.bin	1073741824
d0003/work_000000000465_1073741824.bin	1073741824
d0002/work_000000000466_1073741824.bin	1073741824
d0001/work_000000000467_1073741824.bin	1073741824
d0004/work_000000000468_1073741824.bin	1073741824
d0005/work_000000000469_1073741824.bin	1073741824
d0005/work_000000000470_1073741824.bin	1073741824
d0006/work_000000000471_1073741824.bin	1073741824
d0003/work_000000000472_1073741824.bin	1073741824
d0000/work_000000000473_1073741824.bin	1073741824
d0003/work_000000000474_1073741824.bin	1073741824
d0006/work_000000000475_1073741824.bin	1073741824
d0002/work_000000000476_1073741824.bin	1073741824
d0003/work_000000000477_1073741824.bin	1073741824
d0000/work_000000000478_1073741824.bin	1073741824
d0002/work_000000000479_1073741824.bin	1073741824
d0006/work_000000000480_1073741824.bin	1073741824
d0002/work_000000000481_1073741824.bin	1073741824
d0004/work_000000000482_1073741824.bin	1073741824
d0003/work_000000000483_1073741824.bin	1073741824
d0006/work_000000000484_1073741824.bin	1073741824
d0003/work_000000000485_1073741824.bin	1073741824
d0005/work_000000000486_1073741824.bin	1073741824
d0001/work_000000000487_1073741824.bin	1073741824
d0003/work_000000000488_1073741824.bin	1073741824
d0000/work_000000000489_1073741824.bin	1073741824
d0003/work_000000000490_1073741824.bin	1073741824
d0007/work_000000000491_1073741824.bin	1073741824
d0000/work_000000000492_1073741824.bin	1073741824
d0000/work_000000000493_1073741824.bin	1073741824
d0001/work_000000000494_1073741824.bin	1073741824
d0003/work_000000000495_1073741824.bin	1073741824
d0007/work_000000000496_1073741824.bin	1073741824
d0000/work_000000000497_1073741824.bin	1073741824
d0003/work_000000000498_1073741824.bin	1073741824
d0003/work_000000000499_1073741824.bin	1073741824
d0002/work_000000000500_1073741824.bin	1073741824
d0000/work_000000000501_1073741824.bin	1073741824
d0005/work_000000000502_1073741824.bin	1073741824
d0000/work_000000000503_1073741824.bin	1073741824
d0000/work_000000000504_1073741824.bin	1073741824
d0002/work_000000000505_1073741824.bin	1073741824
d0005/work_000000000506_1073741824.bin	1073741824
d0007/work_000000000507_1073741824.bin	1073741824
d0005/work_000000000508_1073741824.bin	1073741824
d0005/work_000000000509_1073741824.bin	1073741824
d0000/work_000000000510_1073741824.bin	1073741824
d0005/work_000000000511_1073741824.bin	1073741824
d0001/work_000000000512_1073741824.bin	1073741824
d0003/work_000000000513_1073741824.bin	1073741824
d0001/work_000000000514_1073741824.bin	1073741824
d0005/work_000000000515_1073741824.bin	1073741824
d0001/work_000000000516_1073741824.bin	1073741824
d0001/work_000000000517_1073741824.bin	1073741824
d0000/work_000000000518_1073741824.bin	1073741824
d0003/work_000000000519_1073741824.bin	1073741824
d0000/work_000000000520_1073741824.bin	1073741824
